Date,Country,count,min,max,median,variance
2020-12-28,CN,19.0,117.0,246.0,206.0,16523.3
2020-12-28,MY,60.69230769230769,28.0,51.76923076923077,39.0,665.41
2020-12-28,VN,24.0,125.0,185.0,160.0,3046.5
2020-12-29,CN,24.0,53.0,108.0,69.0,3081.29
2020-12-29,MY,57.69230769230769,33.92307692307692,55.46153846153846,44.38461538461539,485.2276923076922
2020-12-29,VN,24.0,54.0,153.0,96.0,8428.24
2020-12-30,CN,21.0,23.5,59.0,33.5,1231.5349999999999
2020-12-30,MY,55.76923076923077,38.0,56.76923076923077,48.38461538461539,447.08615384615393
2020-12-30,VN,24.0,39.0,169.0,56.0,12148.6
2020-12-31,CN,26.0,30.0,62.0,38.5,1489.125
2020-12-31,MY,49.30769230769231,44.23076923076923,60.84615384615385,52.53846153846154,390.7161538461538
2020-12-31,VN,24.0,71.0,107.0,81.0,776.36
2021-01-01,CN,18.0,37.0,106.5,56.5,7931.74
2021-01-01,MY,59.92307692307692,31.923076923076923,58.38461538461539,45.15384615384615,777.8161538461537
2021-01-01,VN,24.0,77.0,168.0,111.0,11989.8
2021-01-02,CN,30.5,58.5,154.0,98.0,8754.12
2021-01-02,MY,58.84615384615385,29.76923076923077,52.38461538461539,39.07692307692308,711.3046153846154
2021-01-02,VN,24.0,120.0,194.0,164.0,4739.13
2021-01-03,CN,29.0,42.0,160.0,101.0,11303.925
2021-01-03,MY,59.0,26.23076923076923,51.15384615384615,37.53846153846154,878.2838461538461
2021-01-03,PR,2.0,22.0,22.0,22.0,0.0
2021-01-03,VN,24.0,132.0,198.0,160.0,2608.7
2021-01-04,CN,29.0,69.5,174.0,106.0,11269.95
2021-01-04,MY,58.92307692307692,20.53846153846154,47.30769230769231,32.53846153846154,908.1176923076926
2021-01-04,VN,24.0,120.0,182.0,158.0,3708.68
2021-01-05,CN,44.0,25.0,117.0,54.0,6275.52
2021-01-05,MY,56.07692307692308,23.153846153846153,49.53846153846154,35.0,946.4838461538462
2021-01-05,VN,24.0,175.0,231.0,190.0,2585.43
2021-01-06,CN,34.0,56.0,141.0,78.0,3293.19
2021-01-06,MY,59.0,19.692307692307693,49.15384615384615,31.153846153846153,1050.3899999999999
2021-01-06,VN,24.0,170.0,189.0,173.0,306.3
2021-01-07,CN,22.0,20.0,135.0,49.0,6283.48
2021-01-07,MY,58.30769230769231,20.615384615384617,47.0,34.0,874.0561538461538
2021-01-07,VN,24.0,135.0,193.0,157.0,3235.65
2021-01-08,CN,22.0,22.0,125.0,39.0,4818.61
2021-01-08,MY,58.69230769230769,24.76923076923077,45.61538461538461,33.84615384615385,496.81615384615384
2021-01-08,VN,24.0,37.0,135.0,56.0,17474.3
2021-01-09,CN,8.0,30.0,48.0,40.0,439.82
2021-01-09,MY,56.69230769230769,25.384615384615383,47.61538461538461,35.46153846153846,623.9861538461539
2021-01-09,VN,24.0,44.0,66.0,55.0,443.41
2021-01-10,MY,58.92307692307692,27.153846153846153,46.53846153846154,34.53846153846154,338.46000000000004
2021-01-10,PR,2.0,22.0,22.0,22.0,0.0
2021-01-10,VN,24.0,54.0,97.0,59.0,1663.19
2021-01-11,MY,57.53846153846154,26.923076923076923,47.38461538461539,35.23076923076923,552.5376923076922
2021-01-11,VN,24.0,58.0,104.0,79.0,1891.29
2021-01-12,CN,7.0,295.0,500.0,340.0,54338.1
2021-01-12,MY,56.15384615384615,29.615384615384617,47.61538461538461,37.46153846153846,428.4815384615385
2021-01-12,VN,24.0,78.0,148.0,98.0,3529.49
2021-01-13,CN,17.0,288.0,500.0,394.0,65107.6
2021-01-13,MY,59.23076923076923,29.46153846153846,49.61538461538461,37.92307692307692,372.04999999999995
2021-01-13,VN,24.0,108.0,171.0,144.0,4061.72
2021-01-14,CN,22.0,101.0,390.0,151.0,71431.2
2021-01-14,MY,57.0,32.92307692307692,55.30769230769231,45.15384615384615,510.88230769230773
2021-01-14,VN,24.0,127.0,163.0,152.0,1253.89
2021-01-15,CN,20.0,101.0,292.0,168.0,24827.4
2021-01-15,MY,54.92307692307692,39.46153846153846,55.69230769230769,49.23076923076923,261.9453846153846
2021-01-15,VN,24.0,155.0,196.0,175.0,1316.23
2021-01-16,CN,21.0,63.0,175.0,109.0,11494.3
2021-01-16,MY,48.69230769230769,42.38461538461539,56.23076923076923,50.23076923076923,236.9353846153846
2021-01-16,VN,24.0,157.0,212.0,186.0,1634.62
2021-01-17,CN,21.0,41.0,114.0,84.0,6212.29
2021-01-17,MY,51.53846153846154,41.84615384615385,58.07692307692308,50.0,338.63
2021-01-17,PR,2.0,22.0,22.0,22.0,0.0
2021-01-17,VN,24.0,92.0,200.0,119.0,15777.8
2021-01-18,CN,38.0,68.0,171.0,83.0,3972.13
2021-01-18,MY,51.07692307692308,43.15384615384615,59.76923076923077,50.30769230769231,319.42153846153843
2021-01-18,VN,18.0,86.0,127.0,103.0,967.32
2021-01-19,CN,40.0,46.0,143.0,61.0,7893.74
2021-01-19,MY,48.30769230769231,46.46153846153846,60.46153846153846,54.30769230769231,218.38153846153847
2021-01-19,VN,24.0,109.0,168.0,144.0,2372.1
2021-01-20,CN,43.0,63.0,164.0,100.0,9093.99
2021-01-20,MY,47.15384615384615,47.69230769230769,60.84615384615385,53.76923076923077,236.90692307692308
2021-01-20,VN,24.0,150.0,183.0,168.0,1224.06
2021-01-21,CN,39.0,95.0,210.0,137.0,9690.85
2021-01-21,MY,54.46153846153846,49.69230769230769,65.15384615384616,56.84615384615385,256.3092307692308
2021-01-21,VN,24.0,173.0,226.0,191.0,2881.45
2021-01-22,CN,31.0,109.0,233.0,180.0,13164.0
2021-01-22,MY,54.15384615384615,50.38461538461539,68.53846153846153,59.15384615384615,438.9407692307692
2021-01-22,VN,24.0,173.0,219.0,191.0,868.24
2021-01-23,CN,33.0,182.0,241.0,212.0,2506.14
2021-01-23,MY,56.84615384615385,43.23076923076923,67.46153846153847,54.15384615384615,589.6323076923078
2021-01-23,VN,24.0,174.0,216.0,188.0,1186.88
2021-01-24,CN,15.0,210.0,248.0,233.0,1538.38
2021-01-24,MY,56.38461538461539,38.84615384615385,59.46153846153846,48.23076923076923,520.4161538461537
2021-01-24,PR,2.0,22.0,22.0,22.0,0.0
2021-01-24,VN,24.0,159.0,236.0,179.0,3517.23
2021-01-25,CN,35.0,205.0,266.0,235.0,2015.51
2021-01-25,MY,57.38461538461539,35.92307692307692,59.69230769230769,47.23076923076923,746.7876923076924
2021-01-25,VN,24.0,153.0,185.0,169.0,909.28
2021-01-26,CN,22.0,56.0,240.0,92.0,47330.9
2021-01-26,MY,54.15384615384615,37.0,59.15384615384615,47.84615384615385,548.7738461538461
2021-01-26,VN,24.0,111.0,157.0,148.0,1802.16
2021-01-27,CN,23.0,123.0,495.0,199.0,115298.0
2021-01-27,MY,57.0,37.46153846153846,60.46153846153846,50.15384615384615,531.9676923076923
2021-01-27,VN,24.0,91.0,151.0,99.0,3735.36
2021-01-28,CN,26.0,56.0,245.0,87.0,27826.4
2021-01-28,MY,60.0,28.307692307692307,56.15384615384615,42.38461538461539,775.253076923077
2021-01-28,VN,24.0,68.0,155.0,116.0,5244.33
2021-01-29,CN,21.0,64.0,159.0,74.0,3851.57
2021-01-29,MY,59.0,28.384615384615383,55.15384615384615,42.07692307692308,782.506923076923
2021-01-29,VN,24.0,109.0,166.0,132.0,3414.33
2021-01-30,CN,15.0,48.0,93.0,65.0,1412.57
2021-01-30,MY,53.38461538461539,38.61538461538461,59.38461538461539,48.15384615384615,614.953846153846
2021-01-30,VN,24.0,159.0,182.0,166.0,544.06
2021-01-31,CN,10.0,74.0,100.0,83.0,706.22
2021-01-31,MY,58.15384615384615,43.84615384615385,66.3076923076923,54.07692307692308,576.1000000000001
2021-01-31,PR,2.0,22.0,22.0,22.0,0.0
2021-01-31,VN,24.0,112.0,184.0,164.0,3670.85
2021-02-01,MY,58.61538461538461,37.07692307692308,65.46153846153847,51.15384615384615,859.0207692307691
2021-02-01,VN,24.0,123.0,155.0,147.0,768.24
2021-02-02,MY,54.76923076923077,31.153846153846153,57.53846153846154,40.76923076923077,979.7923076923079
2021-02-02,VN,24.0,122.0,166.0,138.0,1156.45
2021-02-03,MY,56.84615384615385,34.23076923076923,59.76923076923077,45.53846153846154,923.1607692307696
2021-02-03,VN,24.0,76.0,167.0,100.0,9880.71
2021-02-04,CN,11.0,50.0,85.0,75.0,1246.18
2021-02-04,MY,53.76923076923077,42.76923076923077,62.69230769230769,52.76923076923077,675.0853846153847
2021-02-04,VN,24.0,87.0,165.0,118.0,8375.58
2021-02-05,CN,20.0,53.0,95.0,69.0,747.66
2021-02-05,MY,53.92307692307692,39.07692307692308,59.92307692307692,49.15384615384615,647.2138461538462
2021-02-05,VN,24.0,83.0,162.0,105.0,7651.88
2021-02-06,CN,18.0,63.0,106.0,89.0,1806.44
2021-02-06,MY,52.92307692307692,38.07692307692308,60.15384615384615,47.30769230769231,867.1415384615386
2021-02-06,VN,24.0,89.0,162.0,128.0,5604.35
2021-02-07,CN,40.0,43.0,223.0,67.0,14395.1
2021-02-07,MY,54.69230769230769,37.92307692307692,59.69230769230769,49.76923076923077,660.7484615384615
2021-02-07,VN,24.0,89.0,160.0,110.0,7300.8
2021-02-08,CN,55.0,47.0,170.0,73.0,13114.7
2021-02-08,MY,49.0,39.92307692307692,61.15384615384615,49.84615384615385,619.1207692307694
2021-02-08,VN,24.0,58.0,182.0,152.0,18198.2
2021-02-09,CN,66.0,62.0,235.0,133.0,12155.1
2021-02-09,MY,54.46153846153846,38.92307692307692,66.0,50.30769230769231,953.7453846153845
2021-02-09,VN,24.0,50.0,79.0,55.0,662.54
2021-02-10,CN,74.0,89.0,228.0,148.0,8130.84
2021-02-10,MY,55.53846153846154,42.46153846153846,64.0,51.84615384615385,638.9807692307693
2021-02-10,VN,24.0,59.0,147.0,87.0,5198.84
2021-02-11,CN,75.0,90.0,348.0,236.0,35190.2
2021-02-11,MY,55.84615384615385,39.23076923076923,63.69230769230769,48.69230769230769,797.723846153846
2021-02-11,VN,24.0,57.0,105.0,74.0,2488.24
2021-02-12,CN,91.0,166.0,314.0,242.0,10021.3
2021-02-12,MY,53.61538461538461,37.92307692307692,63.53846153846154,48.30769230769231,1206.809230769231
2021-02-12,VN,24.0,68.0,103.0,78.0,832.45
2021-02-13,CN,87.0,149.0,353.0,232.0,17409.5
2021-02-13,MY,53.69230769230769,38.07692307692308,62.46153846153846,46.46153846153846,847.863846153846
2021-02-13,VN,24.0,72.0,101.0,76.0,913.03
2021-02-14,CN,75.0,82.0,335.0,274.0,54904.0
2021-02-14,MY,54.0,42.76923076923077,64.61538461538461,52.38461538461539,694.603846153846
2021-02-14,PR,2.0,22.0,22.0,22.0,0.0
2021-02-14,VN,24.0,64.0,97.0,81.0,834.33
2021-02-15,CN,58.0,50.0,170.0,94.0,9534.56
2021-02-15,MY,48.15384615384615,50.53846153846154,68.76923076923077,57.23076923076923,632.1430769230769
2021-02-15,VN,24.0,80.0,157.0,117.0,6796.74
2021-02-16,CN,34.0,29.0,160.0,62.0,15326.8
2021-02-16,MY,53.0,55.15384615384615,71.76923076923077,62.30769230769231,434.4346153846152
2021-02-16,VN,24.0,82.0,164.0,115.0,10810.7
2021-02-17,CN,34.0,29.0,62.0,45.0,986.28
2021-02-17,MY,48.92307692307692,57.23076923076923,76.61538461538461,64.6923076923077,577.7746153846153
2021-02-17,VN,24.0,59.0,153.0,85.0,8415.65
2021-02-18,CN,18.0,48.0,167.0,65.0,16434.1
2021-02-18,MY,53.76923076923077,51.23076923076923,73.76923076923077,59.53846153846154,734.4661538461538
2021-02-18,VN,24.0,84.0,155.0,93.0,6086.79
2021-02-19,CN,14.0,27.0,142.0,58.0,12765.9
2021-02-19,MY,59.30769230769231,42.53846153846154,63.69230769230769,52.92307692307692,529.1738461538461
2021-02-19,VN,24.0,91.0,168.0,117.0,5550.42
2021-02-20,CN,15.0,55.0,89.0,61.0,983.52
2021-02-20,MY,52.53846153846154,43.30769230769231,62.23076923076923,51.53846153846154,486.8146153846155
2021-02-20,VN,24.0,81.0,177.0,127.0,7241.14
2021-02-21,CN,24.0,63.0,96.0,78.0,918.53
2021-02-21,MY,51.0,45.84615384615385,64.15384615384616,52.84615384615385,442.38538461538457
2021-02-21,PR,2.0,22.0,22.0,22.0,0.0
2021-02-21,VN,24.0,85.0,144.0,107.0,3693.03
2021-02-22,CN,16.0,61.0,255.0,99.0,24543.0
2021-02-22,MY,50.53846153846154,46.92307692307692,64.46153846153847,53.76923076923077,381.4669230769231
2021-02-22,VN,24.0,79.0,155.0,98.0,8793.84
2021-02-23,CN,17.0,48.0,125.0,55.0,5654.85
2021-02-23,MY,56.84615384615385,51.53846153846154,75.6923076923077,62.61538461538461,489.42384615384606
2021-02-23,VN,24.0,88.0,168.0,104.0,6459.93
2021-02-24,CN,24.0,50.0,160.0,56.0,13458.5
2021-02-24,MY,53.15384615384615,60.61538461538461,81.46153846153847,68.23076923076923,461.7446153846153
2021-02-24,VN,24.0,68.0,153.0,88.0,5655.58
2021-02-25,CN,24.0,83.0,159.0,108.0,5641.67
2021-02-25,MY,53.15384615384615,60.61538461538461,79.61538461538461,68.23076923076923,344.1338461538462
2021-02-25,VN,24.0,75.0,134.0,88.0,2171.88
2021-02-26,CN,12.0,109.0,200.0,163.0,5669.92
2021-02-26,MY,56.84615384615385,57.61538461538461,77.53846153846153,66.15384615384616,326.34230769230766
2021-02-26,VN,24.0,75.0,137.0,93.0,3166.5
2021-02-27,CN,24.0,63.0,173.0,128.0,10999.9
2021-02-27,MY,49.07692307692308,56.46153846153846,75.23076923076923,63.38461538461539,394.90923076923076
2021-02-27,VN,24.0,72.0,129.0,95.0,2581.96
2021-02-28,CN,21.0,59.0,192.0,104.0,15276.5
2021-02-28,MY,50.61538461538461,55.61538461538461,75.07692307692308,62.38461538461539,565.4461538461537
2021-02-28,PR,2.0,22.0,22.0,22.0,0.0
2021-02-28,VN,24.0,66.0,155.0,90.0,5514.13
2021-03-01,CN,8.0,35.0,125.0,42.0,15794.3
2021-03-01,MY,55.23076923076923,55.84615384615385,80.53846153846153,65.38461538461539,675.5807692307692
2021-03-01,VN,24.0,77.0,167.0,104.0,8315.05
2021-03-02,CN,20.0,48.0,185.0,123.0,15826.2
2021-03-02,MY,57.38461538461539,58.46153846153846,93.07692307692308,69.92307692307692,1891.3369230769235
2021-03-02,VN,24.0,58.0,164.0,62.0,5504.62
2021-03-03,CN,33.0,66.0,216.0,160.0,18817.5
2021-03-03,MY,59.0,52.15384615384615,80.76923076923077,62.38461538461539,818.7692307692307
2021-03-03,VN,24.0,69.0,157.0,110.0,8551.23
2021-03-04,CN,40.0,99.0,246.0,206.0,12996.0
2021-03-04,MY,53.15384615384615,48.61538461538461,74.0,57.07692307692308,1382.9623076923078
2021-03-04,VN,24.0,65.0,159.0,94.0,10699.5
2021-03-05,CN,18.0,48.0,325.0,268.0,83688.0
2021-03-05,MY,55.92307692307692,44.15384615384615,71.07692307692308,52.76923076923077,855.6353846153846
2021-03-05,VN,24.0,83.0,166.0,156.0,10358.0
2021-03-06,CN,15.0,29.0,103.0,43.0,2776.38
2021-03-06,MY,55.69230769230769,39.23076923076923,64.23076923076923,50.76923076923077,876.5946153846155
2021-03-06,VN,24.0,84.0,174.0,143.0,7881.74
2021-03-07,CN,16.0,25.0,154.0,45.0,18788.6
2021-03-07,MY,57.46153846153846,33.76923076923077,61.84615384615385,44.76923076923077,1102.1792307692308
2021-03-07,PR,2.0,22.0,22.0,22.0,0.0
2021-03-07,VN,24.0,80.0,163.0,114.0,8531.14
2021-03-08,CN,20.5,67.0,182.0,115.5,12578.7
2021-03-08,MY,56.30769230769231,38.46153846153846,65.84615384615384,46.46153846153846,1945.28
2021-03-08,VN,24.0,136.0,175.0,160.0,1074.13
2021-03-09,CN,18.0,148.5,245.0,193.0,10266.0
2021-03-09,MY,56.23076923076923,44.61538461538461,67.46153846153847,55.69230769230769,443.1469230769231
2021-03-09,VN,24.0,65.0,144.0,89.0,4897.1
2021-03-10,CN,10.5,143.0,243.5,179.5,15605.365000000002
2021-03-10,MY,55.0,51.07692307692308,76.46153846153847,59.61538461538461,1362.2369230769232
2021-03-10,VN,24.0,68.0,120.0,86.0,2302.32
2021-03-11,CN,24.0,123.0,207.0,180.0,5947.75
2021-03-11,MY,53.38461538461539,47.15384615384615,73.84615384615384,57.23076923076923,1407.1946153846156
2021-03-11,VN,24.0,73.0,133.0,91.0,3179.84
2021-03-12,CN,22.0,49.0,199.0,155.0,24654.9
2021-03-12,MY,56.84615384615385,41.84615384615385,65.61538461538461,50.07692307692308,637.8223076923077
2021-03-12,VN,24.0,72.0,157.0,122.0,8968.41
2021-03-13,CN,10.0,92.0,158.0,119.0,5189.89
2021-03-13,MY,56.0,38.0,58.92307692307692,48.53846153846154,499.976923076923
2021-03-13,VN,24.0,86.0,157.0,145.0,5861.72
2021-03-14,MY,51.61538461538461,43.53846153846154,60.53846153846154,51.15384615384615,357.7223076923077
2021-03-14,PR,2.0,22.0,22.0,22.0,0.0
2021-03-14,VN,24.0,80.0,161.0,111.0,8875.36
2021-03-15,MY,53.07692307692308,44.30769230769231,62.46153846153846,51.46153846153846,468.3700000000001
2021-03-15,VN,24.0,76.0,153.0,90.0,7007.37
2021-03-16,MY,49.84615384615385,44.76923076923077,61.46153846153846,52.38461538461539,348.0530769230769
2021-03-16,VN,24.0,83.0,132.0,98.0,2103.75
2021-03-17,MY,52.61538461538461,43.07692307692308,62.15384615384615,52.30769230769231,480.02384615384614
2021-03-17,VN,24.0,90.0,121.0,97.0,962.54
2021-03-18,MY,54.15384615384615,44.15384615384615,63.30769230769231,53.53846153846154,442.47846153846154
2021-03-18,VN,24.0,81.0,153.0,123.0,4446.5
2021-03-19,MY,51.0,49.30769230769231,63.92307692307692,56.61538461538461,293.7453846153846
2021-03-19,VN,24.0,71.0,159.0,95.0,5719.06
2021-03-20,MY,48.92307692307692,51.84615384615385,67.3076923076923,58.84615384615385,414.02846153846156
2021-03-20,VN,24.0,75.0,134.0,89.0,1588.68
2021-03-21,MY,50.76923076923077,52.0,67.23076923076923,59.38461538461539,348.5815384615385
2021-03-21,PR,2.0,22.0,22.0,22.0,0.0
2021-03-21,VN,24.0,49.0,151.0,60.0,11770.4
2021-03-22,MY,54.84615384615385,46.76923076923077,64.3076923076923,55.30769230769231,353.0353846153846
2021-03-22,VN,24.0,61.0,103.0,72.0,1583.41
2021-03-23,MY,56.76923076923077,39.92307692307692,61.07692307692308,49.69230769230769,624.9538461538461
2021-03-23,VN,24.0,92.0,124.0,102.0,609.57
2021-03-24,MY,59.69230769230769,29.76923076923077,56.53846153846154,41.76923076923077,731.963076923077
2021-03-24,VN,24.0,90.0,165.0,151.0,8064.62
2021-03-25,MY,58.15384615384615,28.384615384615383,53.0,39.0,619.4084615384616
2021-03-25,VN,24.0,158.0,210.0,169.0,2052.75
2021-03-26,MY,53.0,29.923076923076923,56.0,38.61538461538461,828.8453846153844
2021-03-26,VN,24.0,117.0,165.0,152.0,2126.67
2021-03-27,CN,2.0,29.0,32.0,29.0,45.0
2021-03-27,VN,24.0,62.0,132.0,92.0,2945.05
2021-03-28,CN,22.0,24.0,500.0,124.0,268315.0
2021-03-28,PR,2.0,22.0,22.0,22.0,0.0
2021-03-28,VN,23.0,74.0,146.0,96.0,4187.67
2021-03-29,CN,22.5,63.0,175.0,99.5,11068.29
2021-03-29,MY,18.692307692307693,31.153846153846153,50.46153846153846,38.61538461538461,655.6407692307693
2021-03-29,VN,24.0,108.0,168.0,156.0,2166.88
2021-03-30,CN,22.0,99.5,294.0,119.0,37822.425
2021-03-30,MY,56.53846153846154,30.615384615384617,57.07692307692308,44.76923076923077,763.3292307692307
2021-03-30,VN,24.0,90.0,159.0,141.0,3903.46
2021-03-31,CN,19.5,121.5,200.0,159.5,4920.5599999999995
2021-03-31,MY,57.15384615384615,33.61538461538461,56.38461538461539,44.69230769230769,551.4246153846153
2021-03-31,VN,24.0,84.0,154.0,114.0,2966.67
2021-04-01,CN,20.5,88.0,221.5,128.0,14227.45
2021-04-01,MY,53.07692307692308,35.53846153846154,59.15384615384615,49.38461538461539,559.7984615384615
2021-04-01,VN,24.0,74.0,107.0,91.0,448.97
2021-04-02,CN,19.0,50.0,114.0,83.5,7660.76
2021-04-02,MY,55.76923076923077,39.15384615384615,63.0,51.30769230769231,569.5176923076923
2021-04-02,VN,24.0,49.0,110.0,82.0,3364.57
2021-04-03,CN,23.0,29.0,79.33333333333333,44.333333333333336,2038.2266666666667
2021-04-03,MY,56.61538461538461,40.07692307692308,61.23076923076923,50.38461538461539,470.59307692307686
2021-04-03,VN,24.0,60.0,94.0,71.0,889.4
2021-04-04,CN,63.666666666666664,26.0,115.33333333333333,44.666666666666664,5351.763333333333
2021-04-04,MY,54.15384615384615,39.69230769230769,58.61538461538461,50.07692307692308,470.54846153846154
2021-04-04,PR,2.0,22.0,22.0,22.0,0.0
2021-04-04,VN,24.0,65.0,175.0,115.0,11088.0
2021-04-05,CN,64.0,51.666666666666664,133.33333333333334,66.33333333333333,4647.063333333333
2021-04-05,MY,59.0,39.46153846153846,60.84615384615385,51.69230769230769,478.04615384615386
2021-04-05,VN,24.0,47.0,181.0,74.0,31939.1
2021-04-06,CN,66.33333333333333,44.666666666666664,162.66666666666666,67.66666666666667,11090.966666666667
2021-04-06,MY,54.92307692307692,40.23076923076923,61.38461538461539,52.23076923076923,472.496923076923
2021-04-06,VN,23.0,78.0,160.0,141.0,6659.68
2021-04-07,CN,65.33333333333333,47.333333333333336,166.66666666666666,78.0,12097.973333333333
2021-04-07,MY,53.76923076923077,40.38461538461539,62.76923076923077,48.84615384615385,462.55692307692306
2021-04-07,VN,24.0,62.0,152.0,109.0,9174.76
2021-04-08,CN,70.0,49.0,160.0,71.0,8981.476666666667
2021-04-08,MY,57.0,39.84615384615385,60.38461538461539,50.0,388.1938461538461
2021-04-08,VN,24.0,58.0,131.0,93.0,3730.27
2021-04-09,CN,50.333333333333336,65.66666666666667,176.0,111.66666666666667,11096.029999999999
2021-04-09,MY,54.38461538461539,48.23076923076923,64.76923076923077,57.15384615384615,261.65076923076924
2021-04-09,VN,24.0,46.0,118.0,56.0,3051.14
2021-04-10,MY,48.23076923076923,53.84615384615385,67.92307692307692,61.15384615384615,238.62846153846152
2021-04-10,VN,24.0,42.0,162.0,75.0,15942.5
2021-04-11,MY,50.61538461538461,54.07692307692308,69.15384615384616,62.0,240.4253846153846
2021-04-11,PR,2.0,22.0,22.0,22.0,0.0
2021-04-11,VN,24.0,57.0,203.0,122.0,28446.9
2021-04-12,MY,54.07692307692308,49.46153846153846,63.15384615384615,56.46153846153846,207.58615384615385
2021-04-12,VN,24.0,56.0,110.0,65.0,3852.97
2021-04-13,MY,52.76923076923077,46.76923076923077,63.53846153846154,56.38461538461539,308.5530769230769
2021-04-13,VN,24.0,56.0,76.0,64.0,257.37
2021-04-14,MY,54.30769230769231,43.69230769230769,64.76923076923077,52.07692307692308,557.49
2021-04-14,VN,17.0,59.0,83.0,68.0,343.68
2021-04-15,MY,56.84615384615385,43.61538461538461,63.84615384615385,53.07692307692308,450.46769230769235
2021-04-16,MY,57.53846153846154,44.92307692307692,64.84615384615384,54.84615384615385,376.7307692307692
2021-04-17,MY,56.30769230769231,41.30769230769231,64.23076923076923,51.61538461538461,546.6653846153846
2021-04-17,VN,19.0,26.0,86.0,47.0,3589.3
2021-04-18,MY,58.15384615384615,38.23076923076923,60.30769230769231,48.15384615384615,542.0846153846154
2021-04-18,PR,2.0,22.0,22.0,22.0,0.0
2021-04-18,VN,24.0,48.0,152.0,89.0,13119.1
2021-04-19,MY,53.92307692307692,38.15384615384615,59.15384615384615,48.92307692307692,537.9684615384615
2021-04-19,VN,24.0,52.0,159.0,90.0,17404.8
2021-04-20,CN,7.0,61.0,81.0,66.0,451.43
2021-04-20,MY,58.46153846153846,37.30769230769231,59.30769230769231,49.69230769230769,541.5030769230768
2021-04-20,VN,24.0,48.0,59.0,53.0,89.98
2021-04-21,CN,25.0,28.5,104.0,47.0,3991.31
2021-04-21,MY,54.69230769230769,39.30769230769231,62.38461538461539,52.30769230769231,663.3730769230768
2021-04-21,VN,24.0,49.0,61.0,55.0,92.1
2021-04-22,CN,36.0,33.5,101.5,47.5,5476.81
2021-04-22,MY,55.76923076923077,41.15384615384615,63.76923076923077,51.69230769230769,564.2638461538462
2021-04-22,VN,24.0,53.0,61.0,56.0,51.58
2021-04-23,CN,29.0,31.5,311.5,61.0,32985.425
2021-04-23,MY,58.07692307692308,31.615384615384617,57.38461538461539,42.84615384615385,709.3484615384615
2021-04-23,VN,24.0,47.0,63.0,57.0,119.4
2021-04-24,CN,23.5,26.5,134.0,45.0,5708.35
2021-04-24,MY,57.07692307692308,32.69230769230769,55.38461538461539,43.15384615384615,633.2476923076921
2021-04-24,VN,24.0,55.0,82.0,60.0,580.42
2021-04-25,CN,23.5,33.0,101.0,44.0,4551.83
2021-04-25,MY,59.38461538461539,31.615384615384617,57.07692307692308,44.07692307692308,650.6299999999999
2021-04-25,VN,24.0,46.0,123.0,68.0,2843.89
2021-04-26,CN,23.0,52.5,143.5,74.0,9551.62
2021-04-26,MY,55.76923076923077,38.46153846153846,60.76923076923077,50.30769230769231,605.8938461538462
2021-04-26,VN,24.0,32.0,86.0,43.0,3008.41
2021-04-27,CN,9.0,72.5,161.0,116.0,11120.47
2021-04-27,MY,56.84615384615385,36.92307692307692,59.15384615384615,47.23076923076923,550.0384615384615
2021-04-27,VN,24.0,31.0,74.0,59.0,1361.58
2021-04-28,MY,57.23076923076923,38.23076923076923,60.0,49.46153846153846,514.0330769230769
2021-04-28,VN,24.0,32.0,106.0,84.0,3339.93
2021-04-29,MY,55.07692307692308,38.84615384615385,61.23076923076923,50.38461538461539,687.9130769230768
2021-04-29,VN,24.0,23.0,65.0,44.0,1106.79
2021-04-30,MY,58.53846153846154,38.92307692307692,57.92307692307692,50.0,404.2423076923077
2021-04-30,VN,24.0,55.0,158.0,73.0,15412.0
2021-05-01,MY,60.30769230769231,33.69230769230769,55.23076923076923,45.53846153846154,505.58846153846156
2021-05-01,VN,24.0,60.0,146.0,90.0,7605.8
2021-05-02,MY,60.46153846153846,28.923076923076923,51.0,40.69230769230769,416.4830769230769
2021-05-02,PR,2.0,22.0,22.0,22.0,0.0
2021-05-02,VN,24.0,27.0,154.0,68.0,14838.2
2021-05-03,MY,60.69230769230769,30.076923076923077,49.61538461538461,40.0,363.93769230769226
2021-05-03,VN,9.0,52.0,67.0,56.0,340.28
2021-05-04,CN,10.0,49.0,156.0,89.0,18181.0
2021-05-04,MY,61.23076923076923,34.92307692307692,53.69230769230769,43.92307692307692,408.53692307692313
2021-05-04,VN,21.0,35.0,62.0,50.0,499.29
2021-05-05,CN,19.0,57.0,92.0,75.0,1029.53
2021-05-05,MY,59.84615384615385,31.076923076923077,53.69230769230769,42.69230769230769,554.8469230769231
2021-05-05,VN,24.0,21.0,90.0,40.0,3707.54
2021-05-06,CN,9.0,55.0,75.0,60.0,576.11
2021-05-06,MY,60.0,29.76923076923077,52.61538461538461,42.0,535.9984615384615
2021-05-06,VN,24.0,25.0,131.0,82.0,10381.1
2021-05-07,MY,39.23076923076923,33.69230769230769,51.15384615384615,42.30769230769231,432.0915384615385
2021-05-07,VN,24.0,38.0,150.0,52.0,17002.3
2021-05-08,CN,17.0,33.0,187.0,48.0,12038.5
2021-05-08,VN,24.0,46.0,77.0,57.0,693.91
2021-05-09,CN,23.0,42.0,77.0,49.0,1036.25
2021-05-09,PR,2.0,22.0,22.0,22.0,0.0
2021-05-09,VN,24.0,38.0,75.0,52.0,845.92
2021-05-10,CN,24.0,38.0,58.0,40.0,522.83
2021-05-10,VN,24.0,44.0,74.0,56.0,634.13
2021-05-11,CN,24.0,38.0,87.0,46.0,2130.36
2021-05-11,VN,23.0,14.0,103.0,58.0,5107.15
2021-05-12,CN,23.0,33.0,69.0,57.0,1246.92
2021-05-13,CN,24.0,48.0,89.0,62.0,1105.14
2021-05-14,CN,9.5,76.5,133.5,100.0,4259.03
2021-05-14,VN,6.0,16.0,96.0,89.0,9628.0
2021-05-15,CN,24.0,17.0,158.0,40.0,26843.4
2021-05-15,VN,4.0,74.0,85.0,74.0,302.5
2021-05-16,CN,24.0,19.0,50.0,28.0,576.79
2021-05-17,CN,24.0,35.0,137.0,52.0,6104.76
2021-05-17,VN,17.0,47.0,89.0,59.0,1718.82
2021-05-18,CN,23.0,51.0,169.0,74.0,4872.37
2021-05-18,VN,24.0,43.0,56.0,51.0,153.75
2021-05-19,CN,24.0,71.0,107.0,94.0,1114.33
2021-05-19,MY,39.38461538461539,32.07692307692308,49.69230769230769,39.46153846153846,409.8930769230769
2021-05-19,VN,24.0,51.0,57.0,54.0,34.18
2021-05-20,CN,10.5,53.0,157.5,63.5,15391.15
2021-05-20,MY,60.23076923076923,31.846153846153847,53.30769230769231,44.07692307692308,424.19692307692304
2021-05-20,VN,24.0,48.0,60.0,55.0,75.58
2021-05-21,CN,22.0,45.0,165.0,112.0,12444.4
2021-05-21,MY,58.30769230769231,39.30769230769231,60.76923076923077,52.23076923076923,453.13153846153847
2021-05-21,VN,24.0,48.0,67.0,53.0,133.89
2021-05-22,CN,18.0,83.0,135.0,100.0,1375.95
2021-05-22,MY,60.61538461538461,35.84615384615385,60.53846153846154,45.30769230769231,465.9861538461539
2021-05-22,VN,22.0,47.0,61.0,52.0,160.46
2021-05-23,CN,17.0,46.0,132.0,92.0,8821.32
2021-05-23,MY,55.69230769230769,43.30769230769231,62.30769230769231,52.30769230769231,292.6561538461538
2021-05-23,PR,2.0,22.0,22.0,22.0,0.0
2021-05-23,VN,24.0,45.0,57.0,49.0,80.8
2021-05-24,CN,21.0,54.0,130.0,75.0,6518.57
2021-05-24,MY,54.61538461538461,49.38461538461539,67.46153846153847,57.84615384615385,335.9138461538462
2021-05-24,VN,23.0,38.0,59.0,42.0,445.65
2021-05-25,CN,17.0,23.0,55.0,39.0,1203.09
2021-05-25,MY,56.0,50.0,69.0,60.53846153846154,357.1461538461539
2021-05-25,VN,24.0,39.0,67.0,47.0,782.45
2021-05-26,CN,16.0,22.0,72.0,45.0,2191.33
2021-05-26,MY,56.0,49.53846153846154,64.84615384615384,57.38461538461539,243.12615384615387
2021-05-26,VN,24.0,50.0,103.0,63.0,3332.97
2021-05-27,CN,14.0,26.0,73.0,44.0,1420.66
2021-05-27,MY,56.84615384615385,40.38461538461539,61.53846153846154,53.61538461538461,431.7376923076923
2021-05-27,VN,24.0,46.0,72.0,53.0,362.45
2021-05-28,CN,14.0,18.0,54.0,28.0,943.08
2021-05-28,MY,55.69230769230769,35.69230769230769,56.53846153846154,46.76923076923077,492.0938461538462
2021-05-28,VN,24.0,50.0,74.0,55.0,402.59
2021-05-29,CN,11.0,24.0,34.0,32.0,190.91
2021-05-29,MY,54.92307692307692,39.61538461538461,60.69230769230769,48.61538461538461,542.5292307692307
2021-05-29,VN,24.0,51.0,77.0,55.0,606.5
2021-05-30,CN,6.0,23.0,48.0,36.0,734.67
2021-05-30,MY,52.84615384615385,43.46153846153846,60.76923076923077,52.0,279.3538461538461
2021-05-30,PR,2.0,22.0,22.0,22.0,0.0
2021-05-30,VN,24.0,45.0,72.0,57.0,543.9
2021-05-31,MY,52.30769230769231,43.30769230769231,61.30769230769231,53.84615384615385,374.71307692307687
2021-05-31,VN,24.0,44.0,76.0,57.0,1031.58
2021-06-01,MY,51.84615384615385,46.23076923076923,61.53846153846154,54.92307692307692,236.34307692307692
2021-06-01,VN,24.0,44.0,70.0,56.0,791.29
2021-06-02,MY,46.61538461538461,45.69230769230769,60.15384615384615,52.92307692307692,286.0269230769231
2021-06-02,VN,24.0,49.0,74.0,55.0,471.01
2021-06-03,MY,50.53846153846154,44.76923076923077,59.23076923076923,52.69230769230769,272.73923076923074
2021-06-03,VN,24.0,51.0,92.0,63.0,1273.04
2021-06-04,MY,50.46153846153846,43.46153846153846,60.53846153846154,51.92307692307692,443.03000000000003
2021-06-04,VN,24.0,44.0,66.0,48.0,587.17
2021-06-05,MY,56.84615384615385,36.92307692307692,60.53846153846154,47.53846153846154,594.24
2021-06-05,VN,24.0,54.0,74.0,58.0,278.68
2021-06-06,MY,60.0,39.38461538461539,61.38461538461539,50.23076923076923,532.1261538461539
2021-06-06,PR,2.0,22.0,22.0,22.0,0.0
2021-06-06,VN,24.0,56.0,152.0,91.0,5896.5
2021-06-07,MY,56.0,43.38461538461539,64.23076923076923,53.23076923076923,638.6615384615385
2021-06-07,VN,24.0,61.0,94.0,70.0,783.7
2021-06-08,MY,51.84615384615385,46.46153846153846,64.0,55.30769230769231,343.8707692307692
2021-06-08,VN,24.0,64.0,85.0,68.0,312.17
2021-06-09,MY,52.76923076923077,49.53846153846154,65.3076923076923,56.76923076923077,339.77384615384614
2021-06-09,VN,24.0,64.0,85.0,67.0,424.57
2021-06-10,MY,54.84615384615385,45.53846153846154,64.84615384615384,56.92307692307692,369.3153846153846
2021-06-10,VN,24.0,61.0,85.0,64.0,450.85
2021-06-11,MY,59.69230769230769,34.0,59.38461538461539,46.92307692307692,655.5253846153847
2021-06-11,VN,24.0,61.0,96.0,65.0,768.41
2021-06-12,MY,57.23076923076923,41.76923076923077,68.84615384615384,53.69230769230769,1048.887692307692
2021-06-12,VN,24.0,62.0,95.0,65.0,733.03
2021-06-13,MY,56.38461538461539,47.53846153846154,69.92307692307692,56.92307692307692,656.9046153846152
2021-06-13,PR,2.0,22.0,22.0,22.0,0.0
2021-06-13,VN,18.0,60.0,68.0,63.0,34.12
2021-06-14,CN,12.0,50.0,137.0,53.0,7547.5
2021-06-14,MY,55.69230769230769,43.92307692307692,60.92307692307692,53.53846153846154,393.4246153846153
2021-06-14,VN,24.0,36.0,68.0,40.0,1772.17
2021-06-15,CN,14.0,45.0,151.0,64.0,13659.8
2021-06-15,MY,56.15384615384615,39.0,58.53846153846154,48.46153846153846,512.9076923076922
2021-06-15,VN,14.0,35.0,58.0,38.0,356.48
2021-06-16,CN,16.0,51.0,105.0,60.0,1537.96
2021-06-16,MY,57.0,35.53846153846154,54.84615384615385,45.92307692307692,494.83000000000004
2021-06-16,VN,12.0,35.0,52.0,38.0,327.88
2021-06-17,CN,15.0,27.0,105.0,44.0,3312.1
2021-06-17,MY,55.53846153846154,41.76923076923077,59.76923076923077,51.0,365.9776923076922
2021-06-17,VN,23.0,37.0,52.0,41.0,166.92
2021-06-18,CN,20.0,35.0,63.0,45.0,621.97
2021-06-18,MY,54.84615384615385,38.38461538461539,61.07692307692308,47.92307692307692,500.5684615384615
2021-06-18,VN,24.0,35.0,52.0,41.0,252.01
2021-06-19,CN,19.0,35.0,74.0,47.0,625.85
2021-06-19,MY,56.92307692307692,42.92307692307692,58.92307692307692,51.53846153846154,282.44692307692304
2021-06-19,VN,8.0,38.0,56.0,40.0,487.86
2021-06-20,MY,56.61538461538461,42.53846153846154,59.07692307692308,51.53846153846154,225.81384615384619
2021-06-21,CN,12.0,40.0,92.0,42.0,3502.42
2021-06-21,MY,58.38461538461539,38.61538461538461,55.53846153846154,46.38461538461539,218.4176923076923
2021-06-22,CN,24.0,47.0,113.0,63.0,4080.8
2021-06-22,MY,57.84615384615385,42.15384615384615,61.23076923076923,51.30769230769231,406.5107692307692
2021-06-22,VN,18.0,48.0,81.0,53.0,1039.38
2021-06-23,CN,22.0,37.0,81.0,57.0,1401.82
2021-06-23,MY,54.07692307692308,44.76923076923077,60.0,52.69230769230769,206.83307692307696
2021-06-23,VN,22.0,61.0,74.0,63.0,157.77
2021-06-24,CN,21.0,33.0,111.0,51.0,5872.57
2021-06-24,MY,56.69230769230769,40.15384615384615,60.30769230769231,50.30769230769231,458.95692307692303
2021-06-24,VN,24.0,62.0,91.0,69.0,638.26
2021-06-25,CN,23.0,55.0,119.0,70.0,4908.97
2021-06-25,MY,53.23076923076923,36.69230769230769,56.30769230769231,46.53846153846154,436.9053846153846
2021-06-25,VN,24.0,60.0,82.0,69.0,295.58
2021-06-26,CN,22.0,58.0,167.0,79.0,9855.52
2021-06-26,MY,57.92307692307692,33.61538461538461,54.15384615384615,42.30769230769231,464.10384615384635
2021-06-26,VN,23.0,60.0,84.0,63.0,476.13
2021-06-27,CN,11.0,60.0,159.0,70.0,7660.0
2021-06-27,MY,56.76923076923077,38.30769230769231,59.76923076923077,50.53846153846154,443.5392307692307
2021-06-27,VN,21.0,36.0,63.0,40.0,1527.9
2021-06-28,MY,55.0,42.15384615384615,59.0,50.38461538461539,413.07
2021-06-28,VN,21.0,36.0,40.0,38.0,10.0
2021-06-29,MY,55.38461538461539,33.15384615384615,56.0,44.38461538461539,429.05692307692306
2021-06-29,VN,23.0,36.0,52.0,39.0,198.58
2021-06-30,MY,61.46153846153846,27.53846153846154,51.30769230769231,36.92307692307692,497.2015384615384
2021-06-30,VN,24.0,37.0,43.0,39.0,23.75
2021-07-01,MY,59.92307692307692,32.46153846153846,59.76923076923077,45.46153846153846,817.2723076923078
2021-07-01,VN,19.0,36.0,47.0,39.0,78.71
2021-07-02,MY,56.84615384615385,34.84615384615385,58.30769230769231,46.46153846153846,472.12307692307695
2021-07-02,VN,23.0,35.0,47.0,38.0,104.98
2021-07-03,MY,57.23076923076923,33.53846153846154,57.76923076923077,44.46153846153846,638.7207692307692
2021-07-03,VN,24.0,36.0,63.0,41.0,674.62
2021-07-04,MY,56.23076923076923,33.76923076923077,56.38461538461539,43.23076923076923,633.2199999999999
2021-07-04,VN,24.0,38.0,60.0,43.0,286.67
2021-07-05,CN,14.0,42.0,220.0,82.0,23936.1
2021-07-05,MY,53.61538461538461,37.30769230769231,56.46153846153846,47.07692307692308,366.7053846153846
2021-07-05,VN,24.0,35.0,57.0,40.0,533.26
2021-07-06,CN,24.0,37.0,143.0,52.0,8918.1
2021-07-06,MY,57.46153846153846,30.846153846153847,54.84615384615385,42.76923076923077,614.7876923076924
2021-07-06,VN,24.0,38.0,91.0,40.0,2416.07
2021-07-07,CN,20.0,33.0,160.0,101.0,16758.0
2021-07-07,MY,60.84615384615385,31.076923076923077,58.61538461538461,42.15384615384615,904.6130769230768
2021-07-07,VN,24.0,38.0,68.0,43.0,766.88
2021-07-08,CN,21.0,25.0,119.0,56.0,11462.0
2021-07-08,MY,59.84615384615385,41.46153846153846,68.92307692307692,56.38461538461539,653.7446153846154
2021-07-08,VN,24.0,34.0,54.0,38.0,285.43
2021-07-09,CN,24.0,56.0,135.0,69.0,7601.67
2021-07-09,MY,53.84615384615385,47.30769230769231,66.3076923076923,55.15384615384615,369.33307692307693
2021-07-09,VN,23.0,35.0,91.0,40.0,1876.05
2021-07-10,CN,23.0,54.0,167.0,104.0,16698.5
2021-07-10,MY,60.0,28.615384615384617,58.07692307692308,44.53846153846154,888.4107692307696
2021-07-10,VN,24.0,36.0,58.0,39.0,416.23
2021-07-11,CN,8.0,65.0,158.0,84.0,17364.1
2021-07-11,MY,58.92307692307692,20.923076923076923,46.30769230769231,33.0,682.2
2021-07-11,VN,22.0,36.0,51.0,40.0,131.88
2021-07-12,CN,5.0,28.0,113.0,48.0,11732.0
2021-07-12,MY,59.53846153846154,17.846153846153847,40.07692307692308,26.384615384615383,569.6123076923077
2021-07-12,VN,20.0,38.0,42.0,40.0,20.0
2021-07-13,CN,24.0,43.0,157.0,90.0,15458.7
2021-07-13,MY,59.15384615384615,22.46153846153846,47.38461538461539,34.15384615384615,622.0784615384616
2021-07-13,VN,22.0,38.0,48.0,41.0,85.89
2021-07-14,CN,18.0,47.0,156.0,83.0,9952.06
2021-07-14,MY,61.15384615384615,26.846153846153847,50.07692307692308,39.61538461538461,468.84384615384624
2021-07-14,VN,22.0,37.0,52.0,41.0,187.38
2021-07-15,CN,16.5,38.0,109.0,58.0,11028.769999999999
2021-07-15,MY,55.0,39.07692307692308,58.84615384615385,48.76923076923077,401.4676923076923
2021-07-15,VN,24.0,37.0,45.0,40.0,58.24
2021-07-16,CN,23.0,42.0,92.5,58.0,3329.755
2021-07-16,MY,56.23076923076923,47.15384615384615,65.92307692307692,55.15384615384615,493.64153846153835
2021-07-16,VN,24.0,37.0,54.0,40.0,222.16
2021-07-17,CN,15.0,24.5,79.5,45.0,2173.63
2021-07-17,MY,53.0,53.0,68.84615384615384,61.46153846153846,239.67000000000002
2021-07-17,VN,23.0,37.0,53.0,42.0,132.69
2021-07-18,CN,14.5,21.0,45.5,29.5,545.575
2021-07-18,MY,53.69230769230769,58.53846153846154,72.76923076923077,64.84615384615384,186.63384615384615
2021-07-18,VN,24.0,37.0,70.0,48.0,735.63
2021-07-19,CN,21.0,25.0,81.5,46.0,2155.71
2021-07-19,MY,54.0,57.15384615384615,73.0,64.61538461538461,283.5315384615385
2021-07-19,VN,24.0,40.0,77.0,48.0,961.67
2021-07-20,CN,22.0,31.5,309.5,43.5,40293.770000000004
2021-07-20,MY,52.07692307692308,56.23076923076923,73.38461538461539,65.07692307692308,350.1815384615384
2021-07-20,VN,24.0,40.0,66.0,48.0,350.36
2021-07-21,CN,23.5,17.0,272.0,27.0,35010.585
2021-07-21,MY,48.69230769230769,55.61538461538461,70.3076923076923,61.46153846153846,252.11846153846153
2021-07-21,VN,24.0,35.0,62.0,45.0,750.85
2021-07-22,CN,25.0,18.0,48.0,34.0,886.4
2021-07-22,MY,50.46153846153846,53.76923076923077,67.84615384615384,59.38461538461539,198.6815384615385
2021-07-22,VN,24.0,40.0,78.0,55.0,663.46
2021-07-23,CN,30.5,26.5,63.5,39.0,722.725
2021-07-23,MY,55.0,45.76923076923077,67.61538461538461,55.92307692307692,507.77307692307687
2021-07-23,VN,24.0,38.0,63.0,42.0,455.05
2021-07-24,CN,33.0,40.5,131.0,50.5,8727.475
2021-07-24,MY,54.92307692307692,44.84615384615385,65.61538461538461,55.23076923076923,439.50615384615384
2021-07-24,VN,24.0,38.0,72.0,41.0,1070.42
2021-07-25,CN,30.0,33.5,283.5,45.0,28918.625
2021-07-25,MY,55.0,54.15384615384615,73.92307692307692,62.53846153846154,419.7261538461538
2021-07-25,VN,24.0,39.0,66.0,51.0,588.53
2021-07-26,CN,29.0,22.0,85.5,46.0,3758.155
2021-07-26,MY,48.61538461538461,58.92307692307692,74.92307692307692,66.46153846153847,290.3892307692307
2021-07-26,VN,24.0,39.0,62.0,45.0,506.07
2021-07-27,CN,24.0,18.0,91.5,41.5,8460.349999999999
2021-07-27,MY,55.15384615384615,52.84615384615385,69.53846153846153,60.61538461538461,325.36615384615385
2021-07-27,VN,24.0,33.0,53.0,39.0,378.68
2021-07-28,CN,24.0,16.5,37.0,26.5,344.85
2021-07-28,MY,51.38461538461539,53.46153846153846,71.0,61.76923076923077,443.693076923077
2021-07-28,VN,24.0,34.0,61.0,41.0,666.07
2021-07-29,CN,17.5,21.0,48.5,29.5,595.0699999999999
2021-07-29,MY,54.84615384615385,53.46153846153846,71.15384615384616,62.53846153846154,320.3638461538461
2021-07-29,VN,23.0,33.0,44.0,34.0,59.68
2021-07-30,CN,22.0,15.0,29.0,19.0,242.77
2021-07-30,MY,56.69230769230769,52.15384615384615,74.46153846153847,60.61538461538461,483.8646153846155
2021-07-30,VN,13.0,33.0,46.0,42.0,224.1
2021-07-31,CN,24.0,10.0,112.0,29.0,12855.2
2021-07-31,MY,59.69230769230769,44.30769230769231,70.38461538461539,54.76923076923077,573.5115384615384
2021-07-31,VN,14.0,42.0,54.0,45.0,230.77
2021-08-01,CN,8.0,36.0,45.0,40.0,99.29
2021-08-01,MY,55.76923076923077,37.84615384615385,62.61538461538461,50.07692307692308,592.9615384615385
2021-08-01,VN,17.0,42.0,45.0,43.0,13.82
